Fredag 28. aug	Løb	SKOLESTAFETTEN 2026	/event/18451	Løb | Aalborg SV
Fredag 28. aug	Løb	NATTENS LØB 2026	/event/16800	Løb | Holbæk
Lørdag 29. aug	Løb	BJERGLØBET I UNDERSTED BAKKER 2026	/event/18529	Løb | Frederikshavn
Lørdag 29. aug	Løb	COAST2COAST ON TOUR - STAVANGER MARATHON 2026	/event/17325	Løb | Stavanger
Lørdag 29. aug	Løb	COLORFUN HVIDOVRE 2026	/event/17366	Løb | Hvidovre
Lørdag 29. aug	Løb	DE 3 TOSSER 140ÅR FØDSELSDAGS FEST	/event/18262	Løb | Aalborg SØ
Lørdag 29. aug	Triatlon	DM TRIATLON SERIEN ELITE 2026	/event/17813	Triatlon
Lørdag 29. aug	Triatlon	DRAFT TRIATLON SERIEN UNGDOM 2026	/event/17784	Triatlon
Lørdag 29. aug	Løb	HJERTINGLØBET 2026	/event/18785	Løb | Esbjerg V
Lørdag 29. aug	Løb	HOLTELØBET 2026	/event/19011	Løb | Holte
Lørdag 29. aug	Løb	JUELSMINDE RUN 2026	/event/17691	Løb | Juelsminde
Lørdag 29. aug	Løb	NORDBORG WALK & RUN 2026	/event/16794	Løb | Nordborg
Lørdag 29. aug	Triatlon	NORDIC CUP ELITE 2026	/event/17912	Triatlon
Lørdag 29. aug	Triatlon	NORDIC CUP YOUTH 2026	/event/17911	Triatlon
Lørdag 29. aug	Trailløb	ON THE RUN - GRAVEN 2026	/event/17389	Trailløb | Lynge
Lørdag 29. aug	Løb	VIRUMLØBET 2026	/event/18409	Løb | Virum
Lørdag 29. aug	Løb	ZEALAND COAST2COAST	/event/17651	Løb | Kalundborg
Lørdag 29. aug	Triatlon	AARHUS BAY TRIATHLON 2026	/event/19464	Triatlon
Søndag 30. aug	Løb	ESRUM SØ RUNDT 2026	/event/16863	Løb | Fredensborg
Søndag 30. aug	Triatlon	FREDERICIA 111 2026	/event/16650	Triatlon | Fredericia
Søndag 30. aug	Løb	KILOJOULE RUN (ROSKILDE) 2026	/event/16754	Løb | Roskilde
Søndag 30. aug	Løb	LØB TIL LIV - ESKELUNDEN 2026	/event/18684	Løb | Viby J
Søndag 30. aug	Løb	MARTINSEN MIDTJYSK MINI MAJOR 2026 DEL 3, BRABRAND SØ HALVMARATON UDSOLGT	/event/17041	Løb | Viby J
Søndag 30. aug	Løb	PFA HARBOUR RUN 2026	/event/18405	Løb | København Ø
Søndag 30. aug	Løb	AARHUS ARKITEKTURLØB 2026	/event/17843	Løb | Aarhus C
Mandag 31. aug	Løb	WALKNROLL 2026	/event/18619	Løb
Tirsdag 1. sep	Løb	ÁSKORUN ÁRSINS 2026 / WE CHALLENGE THE YEAR 2026	/event/17713	Løb
Tirsdag 1. sep	Løb	WE CHALLENGE THE YEAR 2026	/event/17251	Løb
Onsdag 2. sep	Løb	BOGLØB 2026	/event/18861	Løb | Bylderup-Bov
Onsdag 2. sep	Løb	KIMBRERFESTLØBET 2026	/event/18170	Løb | Aars
Onsdag 2. sep	Løb	LILLEVANGSLØBET 2026	/event/16976	Løb | Roskilde
Onsdag 2. sep	Løb	MARINA MILE – 100 DAGE EFTER ROYAL RUN	/event/19367	Løb | Middelfart
Torsdag 3. sep	Løb	EJBY NATLØB 2026	/event/17149	Løb | Ejby
Torsdag 3. sep	Løb	FRIJSENBORGLØBET 2026	/event/18514	Løb | Hammel
Torsdag 3. sep	Løb	TORSDAGSTESTEN	/event/18961	Løb | Holbæk
Fredag 4. sep	Løb	HÆRLØBET 2026	/event/17276	Løb | Frederiksberg
Fredag 4. sep	Løb	NATLØB SØNDERBORG - EN DEL AF KULTURNATTEN 2026	/event/17064	Løb | Sønderborg
Fredag 4. sep	Løb	TUNØ LØBET 2026	https://www.aarhusmotion.dk/event/298	Løb
Lørdag 5. sep	Løb	BØRNECANCERLØBET 2026 - ÅRHUS	/event/16988	Løb | Aarhus C
Lørdag 5. sep	Løb	DIRT - 2026	/event/17737	Løb | Hasle
Lørdag 5. sep	Trailløb	EVENTYRSPORT MØNS KLINT TRAIL 2026 - POWERED BY KLÄTTERMUSEN	/event/17474	Trailløb | Borre
Lørdag 5. sep	Trailløb	FREDERICIA TRAIL CHALLENGE 2026	/event/18297	Trailløb | Fredericia
Lørdag 5. sep	Løb	KOLIND BYPARK LØB 2026	/event/17973	Løb | Kolind
Lørdag 5. sep	Løb	LØB MELLEM HUSENE - KOLDING 2026	/event/18209	Løb | Kolding
Lørdag 5. sep	Løb	RUN TO THE BEAT POWERED BY BANG & OLUFSEN 2026	/event/17293	Løb | Struer
Lørdag 5. sep	Løb	RUNTOGETHER - LØB FOR BØRNETELEFONEN	/event/18669	Løb | Hedehusene (Sengeløse)
Lørdag 5. sep	Trailløb	SKAGEN ODDE ULTRATRAIL 2026	/event/17153	Trailløb | Skagen
Lørdag 5. sep	Løb	SKOVLYSTLØBET - ÅRHUS 2026	/event/17165	Løb | Højbjerg
Lørdag 5. sep	Løb	SORØ SØ RUNDT 2026	/event/18344	Løb | Sorø
Lørdag 5. sep	Løb	ULLERØD BEVÆGER SIG 2026	/event/18719	Løb | Hillerød
Søndag 6. sep	Triatlon	ALSSUNDMAN 2026	/event/17036	Triatlon | Sønderborg
Søndag 6. sep	Løb	CHRISTIANSSÆDE SKOVLØB 2026	/event/16953	Løb | Maribo
Søndag 6. sep	Triatlon	FREDERIKSVÆRK STÅLMAND 2026	/event/17128	Triatlon | Frederiksværk
Søndag 6. sep	Løb	GREBBESTADSLOPPET	/event/17206	Løb | Grebbestad
Søndag 6. sep	Løb	GÅ OG LØB MED STØT BRYSTERNE 6. SEP. 2026	/event/16016	Løb
Søndag 6. sep	Løb	IKASTLØBET 2026	/event/17895	Løb | Ikast
Søndag 6. sep	Løb	LYSTSKOVLØBET 2026	/event/17841	Løb | Slagelse
Søndag 6. sep	Løb	REBORN TRAIL - STENSBALLEDAGEN (HORSENS) 2026	/event/16931	Løb | Horsens
Søndag 6. sep	Triatlon	TRI VED HAVNEN 2026	/event/16913	Triatlon
Mandag 7. sep	Løb	FÆNØSUNDLØBET 2026 - MIDDELFART	/event/18766	Løb | Middelfart
Mandag 7. sep	Løb	HYGGEHALV #9 2026	/event/17885	Løb
Mandag 7. sep	Løb	TRAILS - KØB 4, BETAL FOR 3 (2026)	/event/17473	Løb
Tirsdag 8. sep	Løb	TAASTRUP LØBET NR. 614	/event/18488	Løb | Taastrup
Fredag 11. sep	Løb	STORGAARD BILER TØSELØBET 2026	/event/17972	Løb | Bramming
Lørdag 12. sep	Løb	3ST - 3 SJÖAR TRAIL 2026	/event/18200	Løb | Sövde
Lørdag 12. sep	Løb	ATLÉTICA HORSENS LØBET 2026	/event/17372	Løb | Horsens
Lørdag 12. sep	Løb	BALLERUPBIATLON - SKISKYDNING I LØBESKO 2026	/event/18438	Løb | Ballerup
Lørdag 12. sep	Løb	DIVERSITY RUN	/event/17944	Løb | Karrebæksminde
Lørdag 12. sep	Triatlon	DRAFT TRIATLON SERIEN UNGDOM 2026	/event/17784	Triatlon
Lørdag 12. sep	Løb	EGHOLM SLOTSLØB 2026	/event/17331	Løb | Kirke Hyllinge
Lørdag 12. sep	Løb	HALVMARATON DEN GENFUNDNE BRO SPECIAL 2026 RUN	/event/17181	Løb | Brædstrup
Lørdag 12. sep	Løb	MUD RACE 2026 - ODENSE	/event/16801	Løb | Odense SV
Lørdag 12. sep	Løb	MUD RACE HILLERØD 2026	/event/17115	Løb | Hillerød
Lørdag 12. sep	Løb	ORUST TVÄRS	/event/17350	Løb | Svanesund
Lørdag 12. sep	Løb	SKIVE LØBET 2026	/event/18245	Løb | Skive
Lørdag 12. sep	Løb	VANDLØBET 2026	/event/18479	Løb | Kolding
Søndag 13. sep	Løb	DANMARKS MEST USUNDE HALVMARATHON	/event/19064	Løb | Esbjerg
Søndag 13. sep	Løb	ROSENHOLMLØBET 2026	/event/17063	Løb | Hornslet
Søndag 13. sep	Løb	VOGNSBØLPARKENSMARATHON #79 11 ÅRS FØDSELSDAG	/event/19093	Løb | Esbjerg
Tirsdag 15. sep	Trailløb	NORDJYSK TRAIL CUP 2026/2027 - SAMLET TILMELDING	/event/18770	Trailløb
Onsdag 16. sep	Løb	NUUK TRAIL SERIES	/event/17901	Løb | Nuuk
Onsdag 16. sep	Løb	SKOVSØLØBET 2026	/event/18442	Løb | Odense SV
Lørdag 19. sep	Løb	ALMINDINGSLØBET 2026	/event/17337	Løb | Aakirkeby
Lørdag 19. sep	Løb	KLOSTERLØBET 7840 - 2026	/event/17930	Løb | Højslev
Lørdag 19. sep	Løb	LOKALLØBET 2026	/event/17593	Løb | Holbæk Kommune
Lørdag 19. sep	Løb	LÆSØ ULTRA 2026	/event/17009	Løb | Læsø
Lørdag 19. sep	Løb	LØB MELLEM HUSENE - AARHUS 2026	/event/18153	Løb | Brabrand
Lørdag 19. sep	Løb	LØB MELLEM HUSENE I AALBORG SØ 2026	/event/19001	Løb | Aalborg SØ
Lørdag 19. sep	Løb	MOLSLØBET 2026	/event/18704	Løb | Knebel
Lørdag 19. sep	Løb	REBILD KALKMINELØB 2026	/event/17324	Løb | Skørping
Søndag 20. sep	Løb	BIATHLON STÆVNE VIBORG	/event/19423	Løb | Viborg
Søndag 20. sep	Løb	HÖKENSÅS TRAIL	/event/17209	Løb | Tidaholm
Søndag 20. sep	Løb	SØEN RUNDT 2026	/event/16990	Løb | Skanderborg
Søndag 20. sep	Løb	WEAR GROUP SILKEBORG HALF 2026	/event/17655	Løb | Silkeborg
Fredag 25. sep	Løb	IKEA RUNDEN GENTOFTE 2027	/event/18904	Løb | Gentofte
Lørdag 26. sep	Løb	1900 HALVMARATON 2026	/event/17444	Løb | Aarhus C
Lørdag 26. sep	Løb	COLOUR WALK 2026	/event/18917	Løb | Odense V
Lørdag 26. sep	Trailløb	DGI NORDJYSK TRAIL CUP 2026/2027 - LUNDBY KRAT TRAIL	/event/18786	Trailløb | Gistrup
Lørdag 26. sep	Løb	HØSTLØBET 2026	/event/17192	Løb | Asnæs
Lørdag 26. sep	Løb	IKEA RUNDEN KØBENHAVN 2027	/event/18914	Løb | København V
Lørdag 26. sep	Løb	MUD RACE AARHUS 2026	/event/17302	Løb | Aarhus N
Lørdag 26. sep	Trailløb	PAN FALL TRAIL 2026	/event/18478	Trailløb | Højbjerg
Lørdag 26. sep	Løb	SKOVLYSTLØBET - NORDSJÆLLAND 2026	/event/17065	Løb | Holte
Lørdag 26. sep	Løb	TOUR DE FREDENSBORGS EFTERÅRSLØB I NIVÅ 2026	/event/19304	Løb
Søndag 27. sep	Løb	DRONNINGLUND LØBET 2026	/event/18915	Løb | Dronninglund
Søndag 27. sep	Løb	HCA MARATHON 2026	/event/16156	Løb | Odense V
Søndag 27. sep	Løb	HCA MARATHON VIP 2026	/event/19421	Løb | Odense V
Søndag 27. sep	Løb	HINES TOWER RUN 2026	/event/17077	Løb | Nordhavn
Søndag 27. sep	Løb	LØB MELLEM HUSENE SLAGELSE 2026	/event/19301	Løb | Slagelse
Søndag 27. sep	Trailløb	LØBESHOP MOESGAARD TRAIL RUN 2026	https://www.aarhusmotion.dk/event/299	Trailløb
Søndag 27. sep	Løb	TRAILS - AMAGER FÆLLED 2026	/event/17468	Løb | Amager Fælled
Fredag 2. okt	Løb	IKEA RUNDEN AARHUS 2026	/event/18971	Løb | Aarhus N
Fredag 2. okt	Løb	TØNDER FAKKELLØB 2026	/event/18497	Løb | Tønder
Lørdag 3. okt	Løb	AL-SYDBANK WALK & RUN 2026	/event/18382	Løb | Grindsted
Lørdag 3. okt	Løb	LYSFALD LØBET 3. OKTOBER I FÅRUP SOMMERLAND 2026	/event/17101	Løb | Blokhus
Lørdag 3. okt	Trailløb	MONTANE DIRTYTRAIL 2026	/event/17604	Trailløb | Silkeborg
Lørdag 3. okt	Løb	MUD RACE AALBORG 2026	/event/17199	Løb | Nørresundby
Lørdag 3. okt	Løb	RUNNSPLASH 2026	/event/19206	Løb | Aars
Lørdag 3. okt	Løb	SKAGEN MARATHON 2026	/event/16944	Løb | Skagen
Lørdag 3. okt	Løb	TIDAHOLM MARATHON	/event/17107	Løb | Tidaholm
Søndag 4. okt	Løb	EREMITAGELØBET 2026	/event/16969	Løb | Kongens Lyngby
Søndag 4. okt	Løb	ESBJERG CITY HALF 2026 POWERED BY CRAFT	/event/17075	Løb | Esbjerg
Søndag 4. okt	Løb	LØBHJEM 2026	/event/17294	Løb | Silkeborg
Onsdag 7. okt	Løb	MARTEC 1/2 MARATHON 2026 - TOGT 127	/event/19444	Løb | Frederikshavn
Fredag 9. okt	Løb	VIRTUAL KIDS RUN 2026	/event/19313	Løb
Lørdag 10. okt	Løb	AGGERSVOLD HALVMARATON	/event/18439	Løb | Jyderup
Lørdag 10. okt	Løb	BACKYARD OUTLAND EDITION	/event/18146	Løb | Gistrup
Lørdag 10. okt	Løb	BRABRAND SØ HALVMARATHON 10 ÅRS FØDSELSDAGSLØB OG DET SIDSTE LØB	/event/17042	Løb | Viby J
Lørdag 10. okt	Løb	DEN FYNSKE ØL-RUTE MARATHON 2026	/event/17067	Løb | Søby Ærø
Lørdag 10. okt	Trailløb	EVENTYRSPORT TISVILDE TRAIL 2026 - POWERED BY 66°NORTH	/event/17477	Trailløb | Tisvildeleje
Lørdag 10. okt	Løb	LYSFALD LØBET 10. OKTOBER I FÅRUP SOMMERLAND 2026	/event/17102	Løb | Blokhus
Søndag 11. okt	Trailløb	DGI NORDJYSK TRAIL CUP 2026/2027 LIUF TRAIL	/event/18788	Trailløb | Hirtshals
Søndag 11. okt	Løb	NUUK TRAIL SERIES	/event/17901	Løb | Nuuk
Søndag 11. okt	Løb	SPAR NORD SYDKYSTLØBET 2026	/event/17085	Løb | Greve
Onsdag 14. okt	Løb	HALLOWEENLØBET 2026	/event/17448	Løb
Lørdag 17. okt	Løb	BAGSVÆRD SØ RUNDT 2026	/event/18504	Løb | Bagsværd
Lørdag 17. okt	Løb	HAVSTRYGERLØBET 2026	/event/18319	Løb | Hirtshals
Lørdag 17. okt	Løb	HYGGEHALV #10 2026	/event/17887	Løb
Søndag 18. okt	Løb	CASA DEL RENAISSANCE	/event/19351	Løb | Gistrup
Søndag 18. okt	Løb	TRAILS - KØGE MARINA 2026	/event/17469	Løb | Køge
Søndag 18. okt	Løb	TAASTRUP LØBET NR. 615	/event/18490	Løb | Taastrup
Søndag 18. okt	Løb	VOGNSBØLPARKENSMARATHON # 80	/event/19094	Løb | Esbjerg
Mandag 19. okt	Løb	VIRTUEL - LØB FOR KNÆK CANCER 2026	https://www.aarhusmotion.dk/event/301	Løb
Fredag 23. okt	Løb	AL SYDBANK NIGHTRUN, BILLUND, 2026	/event/18774	Løb | Billund
Lørdag 24. okt	Løb	BALTIC X BACKYARD ULTRA 2026	/event/17605	Løb | Ostseebad Binz
Lørdag 24. okt	Trailløb	CRAFT BAKKETRAIL 2026	/event/17612	Trailløb | Faaborg
Lørdag 24. okt	Løb	HALLOWEEN LØBET 2026	/event/19032	Løb | Nørresundby
Lørdag 24. okt	Trailløb	HELSINGØR TRAIL 2026	/event/17396	Trailløb | Helsingør
Lørdag 24. okt	Løb	KNÆK CANCER LØBET AABYBRO 2026 & ØLAND AFD.	/event/18423	Løb | Aabybro
Lørdag 24. okt	Løb	LØB FOR KNÆK CANCER 2026	https://www.aarhusmotion.dk/event/300	Løb
Lørdag 24. okt	Løb	SANDFLUGTSLØBET 2026	/event/17245	Løb | Rørvig
Lørdag 24. okt	Trailløb	SCOTTISH OVERSEAS TRAIL CHAMPIONSHIPS 2026	/event/19100	Trailløb | Brande
Lørdag 24. okt	Løb	VENDSYSSEL RUNDT 3 X 100 KM	/event/18085	Løb
Søndag 25. okt	Løb	DYBVAD TUNNELLØB & WALKIN DYBVAD 2026	/event/18342	Løb | Dybvad
Søndag 25. okt	Løb	HAMBORGSKOVLØBET 2026	/event/17248	Løb | Nykøbing F
Søndag 25. okt	Løb	HIMMELBJERGLØBET 2026	/event/19211	Løb | Ry
Søndag 25. okt	Løb	SILLEBROLØBET 2026	/event/18990	Løb | Frederikssund
Onsdag 28. okt	Trailløb	NIGHT TRAIL AFD. 1 - 2026	/event/18480	Trailløb | Højbjerg
Torsdag 29. okt	Løb	NIGHTTRAIL 2026	/event/18984	Løb | Allerød
Lørdag 31. okt	Løb	NATURTUR MED KOLDING MOTION 2026	/event/19271	Løb | Kolding
Søndag 1. nov	Løb	EFTERÅRSLØBET 2026	/event/17765	Løb | Odense SØ
Søndag 1. nov	Løb	HASSERISLØBET 2026	/event/17685	Løb | Aalborg
Søndag 1. nov	Løb	HYGGEHALV #11 2026	/event/17888	Løb
Søndag 1. nov	Løb	LUFTHAVNEN RUNDT 2026	/event/17534	Løb | Kastrup
Søndag 1. nov	Løb	NORDTHY VINTER MINI LØB ❄️🍭	/event/19457	Løb | Thisted
Lørdag 7. nov	Trailløb	DGI NORDJYSK TRAIL CUP 2026/2027 - REBILD KILDELØB	/event/18808	Trailløb | Skørping
Lørdag 7. nov	Trailløb	EFTERÅRSDAG I KOMPEDAL 2026	/event/18291	Trailløb | Karup J
Lørdag 7. nov	Trailløb	SOUL TRAIL RUDE SKOV 2026	/event/17282	Trailløb | Holte
Lørdag 7. nov	Løb	TROLLRUN 2026	/event/17984	Løb | Vejen
Søndag 8. nov	Løb	STRAVICENZA FAST - 10KM	/event/19111	Løb | Vicenza
Søndag 8. nov	Løb	TRAILS - KONGELUNDEN 2026	/event/17470	Løb | Dragør
Søndag 8. nov	Løb	TAASTRUP LØBET NR. 616	/event/19289	Løb | Taastrup
Onsdag 11. nov	Trailløb	NIGHT TRAIL AFD. 2 - 2026	/event/18509	Trailløb | Højbjerg
Torsdag 12. nov	Løb	MJØLNER TRAIL & MARCH	/event/19069	Løb
Fredag 13. nov	Løb	JULEFROKOST HALVMARATHON 2026	/event/19377	Løb | Aalborg
Lørdag 14. nov	Trailløb	DGI CROSSLØB MIDT- OG VESTSJÆLLAND 26/27	/event/19119	Trailløb | Hedehusene
Lørdag 14. nov	Løb	GRISERILØBET 2026	/event/17333	Løb | Brande
Lørdag 14. nov	Trailløb	HARESKOVENS 4 ÅRSTIDER (4) EFTERÅR 2026	/event/17175	Trailløb | Værløse
Lørdag 14. nov	Løb	RÅBJERG MILE VINTER-TRAIL 2026	/event/18910	Løb
Søndag 22. nov	Løb	TRAILS - FLYVESTATIONEN 2026	/event/17471	Løb | Værløse
Onsdag 25. nov	Trailløb	NIGHT TRAIL AFD. 3 - 2026	/event/18510	Trailløb | Højbjerg
Lørdag 28. nov	Trailløb	DGI NORDJYSK TRAIL CUP 2026/2027 - SVINKLØV NIGHT TRAIL	/event/18809	Trailløb | Fjerritslev
Tirsdag 1. dec	Løb	NORDJYSK JULE LØB 2026	/event/17616	Løb
Onsdag 2. dec	Løb	BROEN CHRISTMAS NIGHTRUN 2026	/event/17303	Løb | Esbjerg
Onsdag 2. dec	Løb	CHRISTMAS CITY RUN 2026	https://www.aarhusmotion.dk/event/302	Løb
Torsdag 3. dec	Løb	KOLDING LIGHT RUN 2026 POWERED BY ANDELSKASSEN	/event/17863	Løb | Kolding
Søndag 6. dec	Løb	JULESTJERNELØBET 2026	/event/18648	Løb | Hillerød
Lørdag 12. dec	Løb	SPRIT FRONTYARD - DALBY BY NIGHT 2026	/event/19418	Løb | Dalby
Lørdag 12. dec	Løb	SVINNINGE JULELØB 2026	/event/17592	Løb | Svinninge
Lørdag 12. dec	Løb	X-MAS LØBET 2026	/event/17010	Løb | Odder
Søndag 13. dec	Løb	TAASTRUP LØBET NR. 617	/event/19290	Løb | Taastrup
Lørdag 19. dec	Løb	HYGGEHALV #12 2026	/event/17889	Løb
Torsdag 24. dec	Løb	HO HO RUN - 2026	/event/18751	Løb | Aars
Søndag 27. dec	Løb	VOGNSBØLPARKENSMARATHON #81JULELØB	/event/19095	Løb | Esbjerg
Torsdag 31. dec	Løb	CHAMPAGNELØBET 2026	/event/18077	Løb | Silkeborg
Torsdag 31. dec	Løb	LUR LØBET, BRØRUP - NYTÅRSLØB 26/27	/event/19084	Løb | Brørup
Torsdag 31. dec	Løb	NORDSJÆLLANDS NYTÅRSLØB 2026	/event/18428	Løb | Snekkersten
Torsdag 31. dec	Løb	NYTÅRSLØB I FLØNG/HEDEHUSENE 2026	/event/19291	Løb | Hedehusene
Torsdag 31. dec	Løb	NYTÅRSLØB I HOLBÆK 2026	/event/17617	Løb | Holbæk
Torsdag 31. dec	Løb	NYTÅRSLØBET I KOLDING 2026	/event/17864	Løb | Kolding
Søndag 3. jan	Løb	DGI NORDJYSK TRAIL CUP 2026/2027 - NYTÅRSTRAIL & WALKIN ØLAND SKOV	/event/18810	Løb | Brovst
Lørdag 9. jan	Trailløb	SOUL TRAIL CUP 2027 - TILMELD ALLE 5 AFDELINGER	/event/19420	Trailløb | Hillerød
Lørdag 16. jan	Trailløb	GUUT WINTER EDITION 2027	/event/18088	Trailløb | Gilleleje Station (80 km) og Kagerup Station (60 km)
Lørdag 16. jan	Trailløb	ON THE RUN - WINTER TRAIL	/event/19390	Trailløb | Lynge
Lørdag 30. jan	Løb	SALOMON HAMMER TRAIL WINTER 2027	/event/17738	Løb | Allinge
Lørdag 6. feb	Løb	DGI NORDJYSK TRAIL CUP 2026/2027 - HAMMER BAKKER TRAIL	/event/18811	Løb
Onsdag 10. feb	Trailløb	NIGHT TRAIL AFD. 4 - 2027	/event/18511	Trailløb | Højbjerg
Onsdag 24. feb	Trailløb	NIGHT TRAIL AFD. 5 - 2027	/event/18512	Trailløb | Højbjerg
Fredag 5. mar	Trailløb	BAKKELY MARATONS 2027	/event/18365	Trailløb | Skørping
Lørdag 6. mar	Trailløb	TRAILLØB - MOLS BJERGE VINTERLØB 2027	/event/19270	Trailløb | Ebeltoft
Søndag 7. mar	Løb	DGI NORDJYSK TRAIL CUP 2026/2027 - REBILD BAKKER TRAIL	/event/18812	Løb | Støvring
Onsdag 10. mar	Trailløb	NIGHT TRAIL AFD. 6 - 2027	/event/18513	Trailløb | Højbjerg
Lørdag 13. mar	Trailløb	NORTH COAST ULTRA 2027	/event/18363	Trailløb | Tisvildeleje
Søndag 14. mar	Løb	FRILØBET 2027	/event/18133	Løb | København Ø
Søndag 14. mar	Løb	GREAT NORTHERN RUN 2027	/event/18665	Løb | Kerteminde
Lørdag 20. mar	Trailløb	FUR ULTRA 2027	/event/18282	Trailløb | Fur
Søndag 21. mar	Løb	DGI NORDJYSK TRAIL CUP 2026/2027 - FOREST TO THE BAY BLOKHUS	/event/18813	Løb | Blokhus
Fredag 26. mar	Løb	WAYOUT BACKYARD ULTRA 2027	/event/18288	Løb | Silkeborg
Søndag 28. mar	Løb	DANA CUP RUN 2027	/event/18268	Løb | Hjørring
Mandag 29. mar	Løb	HELVEDE I NORD 2027	/event/18211	Løb | Tisvildeleje
Mandag 29. mar	Løb	SPARKRON EGÅ ENGSØ LØBET 2027	/event/18126	Løb | Risskov
Mandag 29. mar	Løb	SVINNINGE PÅSKEDAG 2027	/event/18379	Løb | Svinninge
Lørdag 10. apr	Trailløb	RØSNÆS TRAIL 2027	/event/18673	Trailløb | Kalundborg
Lørdag 17. apr	Løb	ULTRALØBET  ÆRØ "ROUTE 66" 2027	/event/17154	Løb | Marstal
Lørdag 24. apr	Løb	JULSØ ULTRA 2027	/event/17780	Løb | Silkeborg
Lørdag 24. apr	Løb	VESTER ASLUND BACKYARD ULTRA 2027	/event/18743	Løb | Vodskov
Lørdag 1. maj	Løb	SALOMON HAMMER TRAIL SPRING 2027	/event/19033	Løb | Allinge
Lørdag 1. maj	Løb	SPARNORD FAMILIELØB I MÅRSLET 2027	/event/18543	Løb | Mårslet
Søndag 2. maj	Løb	AALBORG HALVMARATHON 2027	/event/18518	Løb | Aalborg
Onsdag 5. maj	Trailløb	FYN ULTRA 2027	/event/18557	Trailløb | Mesinge
Torsdag 6. maj	Løb	VESTERSKOVSLØBET KRISTI HIMMELFARTSDAG 2027	/event/18742	Løb | Haderslev
Lørdag 8. maj	Løb	AU RUN 2027	/event/18491	Løb | Aarhus C
Lørdag 8. maj	Løb	BALTIC X COAST RUN 2027	/event/18495	Løb | Ostseebad Binz
Lørdag 8. maj	Løb	LILLEBÆLT HALVMARATHON 2027	/event/18476	Løb | Middelfart
Lørdag 15. maj	Løb	DEN GENFUNDNE BRO LØBET 2027	/event/18625	Løb | Brædstrup
Lørdag 15. maj	Løb	GUNDSØMAGLE BACKYARD ULTRA	/event/18658	Løb | Roskilde
Lørdag 22. maj	Løb	BØRNECANCERLØBET 2027 - KØBENHAVN	/event/18080	Løb | København Ø
Søndag 23. maj	Løb	STARPACE 2027 - POWERED BY STATE	/event/18531	Løb | København Ø
Torsdag 27. maj	Løb	DITUR GADELØB 2027	/event/19059	Løb | Aarhus C
Lørdag 29. maj	Løb	PEDER SKRAM LØBET 2027	/event/18383	Løb | Østbirk
Lørdag 29. maj	Triatlon	TRI VED SØEN 2027	/event/18699	Triatlon | Skørping
Søndag 30. maj	Løb	HO HALF MARATHON 2027	/event/18735	Løb | Blåvand
Søndag 30. maj	Triatlon	KORSØR MINI-TRI 2026	/event/19303	Triatlon
Søndag 30. maj	Løb	ODENSE CITY HALF 2027	/event/18624	Løb | Odense C
Søndag 6. jun	Løb	HILLERØD HALVMARATON 2027	/event/18775	Løb | Hillerød
Søndag 6. jun	Løb	KOLDING HALF 2027	/event/18415	Løb | Kolding
Lørdag 12. jun	Løb	ALLERØD HALVMARATON 2027	/event/18484	Løb | Allerød
Søndag 13. jun	Løb	GLADSAXE-LØBET 2027	/event/18777	Løb | Søborg
Søndag 13. jun	Triatlon	KØGE JERNMAND 2027	/event/18710	Triatlon | Køge
Søndag 20. jun	Løb	BESTSELLER AARHUS CITY HALF 2027	https://www.aarhusmotion.dk/event/307	Løb
Søndag 20. jun	Løb	FAMILIE FARVELØBET STEVNS 2027	/event/18645	Løb | Store Heddinge
Søndag 20. jun	Triatlon	AALBORG TRIATHLON - 2027	/event/18912	Triatlon | Aalborg
Lørdag 26. jun	Trailløb	DANISH ULTRA 1000KM 2027	/event/19037	Trailløb | Skagen
Lørdag 24. jul	Trailløb	TRAILLØB - BJERGETAPEN MOLS BJERGE 2027	/event/19318	Trailløb | Ebeltoft
Mandag 26. jul	Løb	ETAPE BORNHOLM 2027	/event/19002	Løb | Rønne
Søndag 1. aug	Løb	BLOKHUS MARATHON & WALKIN BLOKHUS 2027	/event/19000	Løb
Lørdag 7. aug	Triatlon	KALVEBOD TRIATHLON OG DUATHLON 2027 - SVØM/CYKEL/LØB	/event/19306	Triatlon | Hvidovre
Lørdag 14. aug	Løb	CONMEDIA HALF 2027 – HALVMARATHON I RANDERS	/event/18957	Løb | Randers SØ
Lørdag 14. aug	Trailløb	RUN O'CLOCK BACKYARD ULTRA 2027	/event/19410	Trailløb | Skørping
Lørdag 14. aug	Løb	AALBORG MARATHON 2027	/event/19298	Løb | Nørresundby
Lørdag 21. aug	Løb	STADIONLØBET 2027	/event/19422	Løb | Brøndby
Lørdag 28. aug	Løb	DJURS SOMMERLAND LØBET 2027	/event/18542	Løb | Nimtofte
Lørdag 28. aug	Løb	NORDBORG WALK & RUN 2027	/event/19305	Løb | Nordborg
Tirsdag 31. aug	Løb	HANNERUPLØBET I FREDERICIA - 2027	/event/19429	Løb
Søndag 5. sep	Triatlon	FIONIA LONG DISTANCE TRIATHLON POWERED BY SPAREKASSEN DANMARK	/event/17831	Triatlon
Søndag 5. sep	Løb	KILOJOULE RUN (ROSKILDE) 2027	/event/19278	Løb | Roskilde
